"waterYear","mean_suspended_sediment_mg_L","mean_chloride_mg_L","mean_no2_no3_n_mg_L","mean_ammonium_n_mg_L","mean_tkn_unfiltered_mg_L","mean_orthophosphate_mg_L","mean_total_phosphorus_unfiltered_mg_L","mean_total_nitrogen_computed_mg_L","mean_organic_nitrogen_computed_mg_L","n_before","n_after","sum_suspended_sediment_load_pounds","sum_chloride_load_pounds","sum_no2_no3_n_load_pounds","sum_ammonium_n_load_pounds","sum_tkn_unfiltered_load_pounds","sum_orthophosphate_load_pounds","sum_total_phosphorus_unfiltered_load_pounds","sum_total_nitrogen_computed_load_pounds","sum_organic_nitrogen_computed_load_pounds","sum_runoff_volume"
2013,201.490805751544,4.19097783896442,6.11033461442857,0.266488823878086,2.27601541138454,0.0511005908334767,0.49263750740932,8.38746113692422,2.03285741601178,9,0,18724.5,803.92,295.76,15.06,204.3,5.939,48.33,500.06,189.25,1499799
2014,122.149813608306,6.06224800847588,0.217902953459124,0.0120651505472624,1.18539342621351,0.0474314697085298,0.315033419797851,1.38202242007489,1.18001507752917,3,0,1549.8,83.5,4.985,0.185,16.1,0.8005,4.28,21.08,15.94,205160
2015,174.610672858015,20.2401768233451,11.2420667835564,0.383053574811959,1.8604175476005,0.0931311145329271,0.470217921727964,13.1121116247177,1.48985983753725,0,7,18618.1,904.8,500.29,22.33,131.94,5.44,40.51,632.2,109.59,1013844
2016,168.375,9.4125,0.34375,0.07125,1.67125,0.07125,0.586375,2.0625,1.5875,0,8,9555.26,514.9,23.27,3.3,85.93,2.69,27.19,109.21,82.64,844614
2017,125.875748837757,9.90597058172413,0.196597058172413,0.101291568236781,1.85440405993504,0.167968676177586,0.584160041249478,2.07232401016665,1.76576175624137,0,15,12410.1,693,31.815,8.835,158.46,12.7005,47.73,190.29,149.66,1724524
